Date,r1,r5,r21,vol_21,ma50_dist,ma200_dist,spy_ief_spread
2022-10-18,0.01174954169240583,0.03742948556332926,-0.044833436127737825,0.28703145781152317,-0.047951864380654546,-0.09727379625507208,0.009206550096946486
2022-10-19,-0.007086463482365635,0.03348666270597089,-0.04058946524431395,0.28560885298110195,-0.05269772420758408,-0.10253860582789327,0.0033765547247561756
2022-10-20,-0.008385327278408017,-0.0015302090135315138,-0.03174426240979333,0.28105167679839493,-0.058081184515486065,-0.10890658767477791,-0.0009089848016918811
2022-10-21,0.024301530965640916,0.04658451617367931,0.00018724041379369893,0.29333097603660413,-0.032998497645045755,-0.0862631013524942,0.022041751567570378
2022-10-24,0.012236345703628526,0.03284973205796948,0.029677947026709894,0.28941921596085013,-0.018809290747616232,-0.07413621831382161,0.01352463201985632
2022-10-25,0.015968512829543702,0.03715669047898751,0.05657282932255714,0.2903980292339122,-0.0009582034301380828,-0.05847912522217827,0.0034980355313005695
2022-10-26,-0.0075338008533214484,0.03668942023830235,0.05129626967338252,0.29205907391331876,-0.0061155943943103155,-0.06467825681555397,-0.012630493942687782
2022-10-27,-0.005340224548903705,0.03987294088403015,0.025504052848200454,0.28637204738876454,-0.009106883885150954,-0.06871094550462407,-0.012418045417449064
2022-10-28,0.023790638753042437,0.03935428209896652,0.07230075129274738,0.28446415780775974,0.016434883363139974,-0.045659049955154886,0.028930590650648402
2022-10-31,-0.007223289642871555,0.019373320724367815,0.08127548765801551,0.2789276030112657,0.010899681024075182,-0.05170337406749127,-0.0026893789876820673
2022-11-01,-0.004375813048261734,-0.0010391849449261636,0.04885302855997509,0.2677608121938668,0.007908128258855944,-0.05498417948836271,-0.004195474684678291
2022-11-02,-0.025096105579946237,-0.018716415926735896,-0.008201645088045773,0.26277433394410027,-0.015539176504714028,-0.07783470187737254,-0.023397183564996316
2022-11-03,-0.01029704031662515,-0.023606572402536607,-0.016123477468641845,0.26500437846855174,-0.02357519845319398,-0.08648116858211759,-0.005936681561963697
2022-11-04,0.014393365591761187,-0.03256879124367462,0.008440642760129347,0.267450654030796,-0.0073557703227087245,-0.07258714168271252,0.0165293344449291
2022-11-07,0.009565550763425579,-0.01620856844791796,0.04730029635541122,0.24805606266691657,0.0033939594793262863,-0.06310391744925573,0.013098601073522342
2022-11-08,0.005395340294829909,-0.006553542925942568,0.061052101362627065,0.2455619994302413,0.009820077672362149,-0.057435385655435114,-0.001265492395247536
2022-11-09,-0.020602096310596507,-0.001974058104672771,0.04581543912677111,0.25705680135174086,-0.009808992595738258,-0.0762231807144901,-0.024016617595148504
2022-11-10,0.05495408352589681,0.0638258000199261,0.10693842692400102,0.3140681127815149,0.04454374951827029,-0.02505188849569035,0.032514438078326435
2022-11-11,0.009678467218459774,0.05888113978837595,0.0889142156582936,0.30495210825386976,0.05444617664540485,-0.015277848701810207,0.01175871417304819
2022-11-14,-0.008506716787306523,0.039926072187061123,0.10482882807040572,0.29277347109696317,0.04522824469086671,-0.023150458486168667,-0.006109246158762738
2022-11-15,0.008529092028568774,0.0431674539610416,0.0863364127720121,0.28330833152110757,0.05362308175103192,-0.014255002140047624,0.001110747206995999
2022-11-16,-0.007628681222657141,0.056985580725949836,0.06552961395475498,0.28466585595197647,0.045624178310452346,-0.02114154925242776,-0.014992222802383326
2022-11-17,-0.0030598647126868217,-0.001140083439659767,0.06985069537303645,0.28317428642376385,0.042672952447855066,-0.023437216550834354,0.003735200034321262
2022-11-18,0.004540460587441508,-0.006223037113896268,0.08379629694281676,0.2799350298302998,0.04790084837640027,-0.01845053970186925,0.008064651163676606
2022-11-21,-0.003636099491464706,-0.001341201456918073,0.05423595800021719,0.2709732499507105,0.044903363932047254,-0.02142564636961339,-0.0030118276757027385
2022-11-22,0.01345686113048239,0.003538340451899158,0.055507114934805424,0.2715493981523708,0.058493132496284905,-0.007737377627510792,0.007731459680916153
2022-11-23,0.0063015760400062515,0.01762535303572199,0.045463968486728845,0.2676403077062675,0.06463159499114646,-0.000947143491547868,0.0009200702178564502
2022-11-25,-0.00022365261977086437,0.020520412859455384,0.05316447918325928,0.26546143751046575,0.06361651970000087,-0.0005506048746537613,8.528176437183621e-05
2022-11-28,-0.01595700660168564,-0.00030312237792906593,0.041923230650665166,0.27193183016170375,0.04607193915899314,-0.01590884722003333,-0.01636890025227089
2022-11-29,-0.0017174624444049602,0.0016219327793851601,0.0159633495955116,0.26040153016762413,0.04390685485712924,-0.01710805793893878,0.0025026872979804216
2022-11-30,0.031500580640803744,0.01945494166572037,0.05559162909911963,0.2790974349781154,0.07545035767653087,0.014185464795346318,0.022507344559971942
2022-12-01,-0.0007359942246983886,0.012325383335993756,0.059450677856617506,0.2782141100072067,0.0729611329261761,0.013862936096057725,-0.011658295417014464
2022-12-02,-0.0011534997883475562,0.01138386487154941,0.08546966299017522,0.2595993476091768,0.06988115030823522,0.013129378282745798,-0.0031840783388308314
2022-12-05,-0.017989324349670266,0.00929508075094354,0.07703304988795168,0.26623420735593145,0.04888955821996075,-0.004693841197871936,-0.007855800298451676
2022-12-06,-0.014414821108928555,-0.0035423486906390744,0.04644593227023641,0.27028873404396686,0.032170394832976026,-0.01860796451961705,-0.020557318486510212
2022-12-07,-0.0017010238941016498,-0.035616002836331484,0.03476777901701489,0.26928863049616053,0.028808696540415516,-0.019892748736595463,-0.010451603828647404
2022-12-08,0.007833905498627391,-0.027345241453246905,0.03727758645175183,0.2698349840215972,0.0354750077905167,-0.011957528316453591,0.013482772043362345
2022-12-09,-0.00747045318372197,-0.03349655176792188,0.05118527303907161,0.259693394142746,0.02610438150184556,-0.018970275597280557,-6.53103196327498e-05
2022-12-12,0.014417332815729988,-0.0016016379216013954,0.010793339372190403,0.18325137295860364,0.03863422304241109,-0.004406862192205342,0.01584803744644625
2022-12-13,0.007569920557884302,0.02066891823221484,0.00868246448531984,0.1820732613908083,0.044573394672605696,0.0035011131851331516,-0.0014360268692810152
2022-12-14,-0.006393691236380894,0.015871097324342998,0.010832122840363834,0.18090340178420294,0.036740022434982186,-0.0025955160520272093,-0.009132419413083515
2022-12-15,-0.02446161450568507,-0.016681970365128418,-0.022233919759306442,0.19792334440476503,0.010721694615155977,-0.02646792507673767,-0.026407703950834138
2022-12-16,-0.01180624478431469,-0.02097752213714177,-0.026349999971772453,0.20020313368211565,-0.0018237625845889407,-0.03741219468814588,-0.009277218252316644
2022-12-19,-0.008479504819250305,-0.04307544770629601,-0.03164302851293732,0.20171372095494108,-0.01126056826988845,-0.04503181229091342,-0.00036704712279811424
2022-12-20,0.0013684036760770457,-0.048965246165523,-0.03470082811841779,0.2008234313390912,-0.011048245946668665,-0.04333805208149991,0.008627248563960022
2022-12-21,0.014952448297806287,-0.028533692563097457,-0.016691835843299918,0.20862582518774672,0.0021698088110765268,-0.028748243194468424,0.01371686197916433
2022-12-22,-0.014266104213793263,-0.018380740221114245,-0.04359008795760466,0.20698749887273288,-0.013447616119821195,-0.04212407447017349,-0.013957763331168827
2022-12-23,0.005752237995990894,-0.0009390747798243559,-0.04411219024072521,0.20671714959932225,-0.008728933600362618,-0.036180353733562896,0.010279456860822545
2022-12-27,-0.00394347685931995,0.0036314492915379137,-0.04766872031302516,0.20670116293610108,-0.0139350054980972,-0.03959480232103408,0.004428568045372172
2022-12-28,-0.012427810066590217,-0.010195943246970818,-0.04425325546536907,0.20409589848890766,-0.026769196682078097,-0.051128133422889036,-0.01003020304072988
2022-12-29,0.018000023263031295,-0.007223880793308379,-0.02537591156087271,0.2156337911123289,-0.009967610394716227,-0.03361110171567813,0.013088971326749466
2022-12-30,-0.0026339896187045353,0.004491335286046505,-0.05762831650161171,0.18001821742439483,-0.013370882508052235,-0.035594657608393906,0.0015253794257721331
2023-01-03,-0.004209757162983441,-0.005458170607462787,-0.060904303437302576,0.17992800453867228,-0.01838945236236255,-0.039009838638600226,-0.012040727097475279
2023-01-04,0.007720073575164799,0.006187643176025048,-0.05256154550899017,0.18361765713324876,-0.011381185807798438,-0.030918148950861167,5.4432772496948445e-05
2023-01-05,-0.01141342577575355,0.007221148320535553,-0.046217155029084855,0.17795571104155197,-0.022777586296573747,-0.04126116804022751,-0.009974282114630695
2023-01-06,0.02293214924327991,0.012101051542506402,-0.010075276684635148,0.1920970174805271,-0.0006210539030885302,-0.018584415402823753,0.010062667438053952
2023-01-09,-0.0005667524894201748,0.014198829941367563,-0.008950520140434626,0.19204132289039633,-0.001577554639284349,-0.018517489746757505,-0.003107600135301425
2023-01-10,0.007012791821432662,0.025628843572076843,-0.00975795902322052,0.1916205750528544,0.004785985422260994,-0.010957613579134306,0.01329880161178687
2023-01-11,0.012647874110394142,0.030644218870070405,0.01031400109591929,0.1949090805006712,0.017061200426897162,0.002202963114151271,0.006219715879765664
2023-01-12,0.0036407614053926007,0.04633885947371352,-0.0004189789384938525,0.18873281109248244,0.020107478935837284,0.006528442966694561,-0.005280059835067519
2023-01-13,0.003879398973475112,0.026850144604508852,-0.0040802388255997135,0.187306982101687,0.02323723567990097,0.011165067379635091,0.009205038343402472
2023-01-17,-0.0018317834383132503,0.02555041076431941,0.0004922906407285321,0.18604670965265893,0.020073499713246252,0.010017735905976983,0.0012995776879244358
2023-01-18,-0.015788089555204943,0.002329798820250195,0.009387681098622425,0.17363777150928264,0.002827878131661668,-0.005242475463084933,-0.029367366300167008
2023-01-19,-0.007279846103967369,-0.017394873797024868,0.01401115806715092,0.17027039442364275,-0.005186595254470087,-0.011750489454581741,-0.005380416721490144
2023-01-20,0.018629237789514086,-0.00272054579505443,0.04173480838004395,0.17756078016630852,0.012430334563815497,0.007364582971972631,0.025240652706228994
2023-01-23,0.0119984211358648,0.005345098344137211,0.05279333505304118,0.18086565160623652,0.023511192218668913,0.020029904142327724,0.015225199090517783
2023-01-24,-0.0010732731606191148,0.006109062350474925,0.03617012007470155,0.17541728493736444,0.020963499434194358,0.019461480460700016,-0.006839607475173759
2023-01-25,0.00037482754957918196,0.02263157869128385,0.05156017218522502,0.16563163207217,0.020957361361842612,0.02039761978018486,-0.0007315908202421006
2023-01-26,0.010990187400648388,0.0414521024131429,0.05703668893534841,0.1679260114363519,0.031753652416948205,0.032099205301323354,0.014607214298456128
2023-01-27,0.002297885170687186,0.02475483819850388,0.06366015708336414,0.16619872754371956,0.033472946481747715,0.03484769966616948,0.0038106431536161223
2023-01-30,-0.012546787902407375,-9.976749182072364e-05,0.063532012543831,0.16633829616737325,0.020302320388995987,0.022281481467894593,-0.0094162901606335
2023-01-31,0.014703343978902828,0.015692224775633035,0.06008788300194512,0.16294731843858037,0.03462758347564817,0.03772433989518499,0.009638120548016493
2023-02-01,0.010627627676881524,0.02610201227197395,0.07418349048979733,0.16381514395346944,0.04464673633109563,0.04903863785325042,0.0034353046636794726
2023-02-02,0.014557235641494026,0.02972237913944431,0.09442790840985738,0.16562803460428296,0.05863922508356538,0.06452091906853337,0.01495850680606492
2023-02-03,-0.01062930300072018,0.016441482156230647,0.07449968592707612,0.17296898215821158,0.046346716746536815,0.05356835467293141,0.0001061859283865152
2023-02-06,-0.006111403420840045,0.023065787652988723,0.08026248051044726,0.16812244448651534,0.03933187987510781,0.04751953307159296,0.0025091360058520085
2023-02-07,0.01307888495644316,0.021427941026007424,0.06985698907340798,0.15704729046106,0.05214554265425298,0.06145345714080152,0.015534441317297865
2023-02-08,-0.010934805223901445,-0.00036492396026421847,0.05875836521964328,0.16418138077999522,0.04010499497981141,0.049979423505436,-0.014627033056103245
2023-02-09,-0.008669218922980781,-0.02324976264559664,0.04227053091013011,0.16802176583031025,0.030410070972675535,0.041088400042358274,-0.004173288913674966
2023-02-10,0.002333651308011442,-0.010452164398276564,0.03165458952417821,0.16354595452232507,0.032051033055160605,0.04355382237044037,0.007157339191323442
2023-02-13,0.011738968195750932,0.007320246572812827,0.03997883513422118,0.1672240036301207,0.043795924970292076,0.05579129778753527,0.009366764411101958
2023-02-14,-0.00046017933767084074,-0.006141857697279263,0.03548320587674825,0.16725940021248384,0.04293997132598384,0.05543565539608758,0.004067380146040911
2023-02-15,0.003247281314564532,0.008108954337701757,0.04075214368292457,0.16682735302288365,0.045854586476843776,0.058764137395583,0.006244650250865513
2023-02-16,-0.013768641032576356,0.002923225024378473,0.042887603899041116,0.16424763101084044,0.030906797922958824,0.04419774650983569,-0.010451013953761579
2023-02-17,-0.002498462711779559,-0.0019117312500019912,0.04791061612422021,0.16163895647634482,0.027540808787261572,0.0416387501846603,-0.005306984312171914
2023-02-21,-0.020060839509775996,-0.03328248597737293,0.008108359094395334,0.16778000188351105,0.006535012379984615,0.021061628911419765,-0.009170063246098592
2023-02-22,-0.0013781107425419048,-0.03417027488524471,-0.005216754187084782,0.1624819385205979,0.00493949723406524,0.019784019184744726,-0.0031609749903798168
2023-02-23,0.005319389184330836,-0.032175449270923306,0.0011493918234601885,0.163554116935297,0.009817774830542294,0.025279096864947115,0.0014465271552399628
2023-02-24,-0.010682325265845782,-0.029146735832454418,-0.009916322258507804,0.1677557109084562,-0.0009318388969591206,0.014283266392044651,-0.004634718822844386
2023-02-27,0.0034057983550801474,-0.02340020721572522,-0.017343871895725615,0.1632520458235124,0.0025922140879159803,0.01768834683698322,0.00036355269827215153
2023-02-28,-0.0036958827011026596,-0.007091017755147977,-0.02322018154058303,0.1631474208831607,-0.0010470600057458038,0.013815811822368743,-0.005264447244107462
2023-03-01,-0.0038360180786372045,-0.009534863917331826,-0.01460356653253636,0.15813868013262755,-0.005224684296777167,0.009830375090017888,0.004158486842785192
2023-03-02,0.007777340707954883,-0.007113230238997792,-0.021329531280631198,0.1513382056811203,0.001777877186443632,0.01766757192706588,0.011891321068378757
2023-03-03,0.016037808501885298,0.019703299963349297,-0.016090426333506547,0.15759892223652658,0.01660666945070125,0.03386622124453183,0.007987905041317855
2023-03-06,0.0006926926074641848,0.016946127452956317,-0.02953615038579993,0.14766399898448113,0.01608774059924148,0.03456358044749011,0.0024790991956272768
2023-03-07,-0.015328764731996847,0.005072228583093752,-0.03414580552990476,0.15219854962691987,-9.249520809295227e-05,0.018555613853134353,-0.0154339518436859
2023-03-08,0.001632044249012976,0.010589189333955806,-0.026620775624813686,0.1516752780879512,0.0006249619275260945,0.020028985444457643,0.0019475723945858725
2023-03-09,-0.01844967763659111,-0.015711006291441287,-0.05691382413089496,0.1534828999740123,-0.018262263086885003,0.0011207088589510349,-0.024661558739650036
2023-03-10,-0.014429469691367824,-0.045226253010550166,-0.0602460309115761,0.15628523146124784,-0.03264698795911902,-0.013250673816909574,-0.03284524037481629
2023-03-13,-0.001425259631711251,-0.04724701843662027,-0.053378959268254755,0.15492938830945768,-0.03444685194079449,-0.014613635782150797,-0.01354888074924121
2023-03-14,0.01653016409554664,-0.01642080117477851,-0.03997152982381669,0.1678496077707801,-0.018893682770822647,0.0016815056132717125,0.025970611614741013
2023-03-15,-0.006254313557236824,-0.024165019760093442,-0.057045165709933676,0.1608727625244282,-0.025364253242768888,-0.004445875432149116,-0.02070368073953155
2023-03-16,0.017545012849629504,0.011620081909261337,-0.04005926613458066,0.17551797556785198,-0.009022973270572566,0.013199798633441727,0.02653555409369479
2023-03-17,-0.011692666310062716,0.01442922156555615,-0.05435431039117089,0.1776291556908574,-0.020988225225556666,0.0015593005645406263,-0.023517486178935787
2023-03-20,0.00961554290837685,0.025645320144286332,-0.031932438943141905,0.17757073935737613,-0.012358081470865846,0.011307051031299708,0.013645599366781225
2023-03-21,0.013130492776220803,0.02221516420612235,-0.01676465798686755,0.18456223249013495,-7.182946865920725e-06,0.024737697368271833,0.021829956488011892
2023-03-22,-0.01704646044272795,0.011113836823078316,-0.01374013957547604,0.1808441994805567,-0.017335554166282168,0.0074195200028752345,-0.030209957768138396
2023-03-23,0.002703477014396327,-0.00363389625330357,-0.00970907815496036,0.1811744286848401,-0.014880150479111566,0.010295675313156057,-0.0030373031123636096
2023-03-24,0.006562053909922705,0.014769675025141815,-0.008484989959815503,0.18171924470391299,-0.008501884327723894,0.017096002215069617,0.006261427449719026
2023-03-27,0.0018698649738200235,0.00698445506125589,0.004095079465157525,0.17788245969097063,-0.006699641854739967,0.019101014166301278,0.014183389251032352
2023-03-28,-0.0022447870838355755,-0.008297552460664548,-0.001559387595540973,0.1776980180623295,-0.00886061467755777,0.01680226728082522,-0.0016364781228153102
2023-03-29,0.014534963899230036,0.023564966525537523,0.016710553608392686,0.18404811936481819,0.00528904388703763,0.03134229108946795,0.01625914097219827
2023-03-30,0.0058551162311846205,0.026782176362126542,0.02660157427170562,0.18399854039726676,0.010481707326987865,0.0369153237582494,0.004331090317509334
2023-03-31,0.014094792994234107,0.034466235383538324,0.033037030002358136,0.18805102315677036,0.023585254828729817,0.05096693855178423,0.008617025559770619
2023-04-03,0.003810580041571532,0.03647009265111012,0.02060522907122242,0.18086863406695447,0.026634787064694875,0.05445649725919405,-0.0009002797433885767
2023-04-04,-0.0055481024352207475,0.03303860211717535,0.014240249991052112,0.18230316891484244,0.02045132214950764,0.04795918576843007,-0.011987137334884657
2023-04-05,-0.0026183044812684297,0.015572483136488291,0.02733239681170274,0.17328410718995185,0.017326205708862737,0.044595447831994435,-0.006817176022953841
2023-04-06,0.0039007167039315505,0.013599202542788014,0.029659279946157246,0.17351007224346957,0.020766512829477564,0.04814932646968249,0.003601943461828183
2023-04-10,0.001026575649087702,0.0005373716654335503,0.05009012743026231,0.15776879148302672,0.0214882899990503,0.04868986755745547,0.010879204458451919
2023-04-11,0.00026838710315013614,-0.002993270950818916,0.06575016782277898,0.14580254394027634,0.02147803832365407,0.04848340781197301,0.00067096243286624
2023-04-12,-0.004075826647455316,-0.0015172127613651831,0.06292129370083499,0.14711701400685354,0.016859205384496423,0.043905274815718674,-0.006992134140855755
2023-04-13,0.013282549932119636,0.014401195913558595,0.05952546899247291,0.14373116630888874,0.029927555873870942,0.05736925478243399,0.016591013930185805
2023-04-14,-0.0024425767291348377,0.007991553667600293,0.06358951908654431,0.14129277628934248,0.027246992936481113,0.05429403196533591,0.0024866860685165415
2023-04-17,0.0035882221415910465,0.010571023674429414,0.04900117544601801,0.1310635789780272,0.030997456627297353,0.05755911981810583,0.009956948109195563
2023-04-18,0.0006523357562511212,0.01095892694959577,0.06210430767726138,0.12103448797761172,0.03149388267875762,0.05768636063755695,-0.0009753099828841982
2023-04-19,-0.00016904776630188856,0.014924683672042693,0.05181102725241926,0.11892255221747107,0.031018174905819314,0.05699970532952322,0.001964081562081388
2023-04-20,-0.005457179696542358,-0.003845415711138833,0.03251369189709408,0.11523334581033241,0.025480134190200707,0.05076668999471769,-0.011259515991599356
2023-04-21,0.0007770738041970038,-0.0006302928883639147,0.051235882120078236,0.0934786817944463,0.02611803416536183,0.05113126969620415,0.0032059072687921075
2023-04-24,0.0010430176894080656,-0.0031647987462439797,0.04949505398569731,0.09358735425449692,0.026825948617586817,0.05184582159390336,-0.0038267330073060712
2023-04-25,-0.015873695957593137,-0.01962778949811761,0.026102349654201218,0.11135669417856088,0.010546978514332684,0.03485587176666337,-0.02576745665395297
2023-04-26,-0.0042355710867444385,-0.0236151700126066,0.019849239837815613,0.11292670084683089,0.006612443830393388,0.03014583489235515,-0.00033655874270954733
2023-04-27,0.01990795313075977,0.0012868557198160158,0.0424925244588481,0.1298154519507641,0.026583606656494233,0.050168249799277885,0.026431263934567628
2023-04-28,0.008535062375502944,0.009048796102548051,0.03632728352724435,0.1240608728402499,0.03516395520531493,0.05856810073049714,0.001059634423476119
2023-05-01,-0.0010095601398860676,0.006979802911489585,0.029254643242248912,0.12346220912608424,0.0336670310964581,0.0569306111881738,0.010760280253784837
2023-05-02,-0.011239233992705877,0.011721886907043233,0.0035418942088547567,0.12182708848846274,0.021788683056122752,0.044646415385400075,-0.02425799370391335
2023-05-03,-0.006864180705438372,0.00905115294010539,-0.007130009269027404,0.12343825900541992,0.014247872669779576,0.03706953662695476,-0.013390260707167423
2023-05-04,-0.0070828481704676705,-0.017652334456162655,-0.008662313634538288,0.12436952848734935,0.006658467831459145,0.029492174926314087,-0.006883607081871412
2023-05-05,0.018512482914433637,-0.007933985397001853,0.012340423814980461,0.1401310281758213,0.024607157837989765,0.048247496956720676,0.023900112586445865
2023-05-08,0.0002666527681225439,-0.006666618460427154,0.008675808615753677,0.13962394782315163,0.02397178404477581,0.048275357472251326,0.006385697301923399
2023-05-09,-0.004385379799207723,0.000218932015143114,0.003222498313315336,0.14059668522672594,0.01873760925315272,0.043403410054209786,-0.0031739494719423833
2023-05-10,0.004672374995555284,0.011837767221970497,0.0076394925849783135,0.14145254682836284,0.022580009149499092,0.04798334894344162,-0.0028056715798940868
2023-05-11,-0.001744001614231827,0.01727834861292399,0.009998747492271809,0.14075175334920306,0.019842253570403198,0.04580933358394911,-0.005455145319635868
2023-05-12,-0.0013103247218715364,-0.0025204396743141455,-0.00454683520214072,0.13292826999127888,0.017735663394742866,0.04423325333498994,0.004685642444986926
2023-05-15,0.0034503489537380805,0.0006543856211709276,0.0013336598792352827,0.13323363640520658,0.020724406883994847,0.04767700051780261,0.005662146118410316
2023-05-16,-0.006682926780708032,-0.0016547914605650194,-0.008914414893486988,0.13458635047214149,0.013536376321581783,0.04063092142196832,-0.003458882296215382
2023-05-17,0.012138985576036099,0.005764796339971401,0.002462416650059529,0.14141840210143447,0.024904120808642162,0.05313545201124768,0.015373883195560212
2023-05-18,0.009633304237748996,0.017227681333018108,0.01229056755585245,0.1451627034091048,0.033663569533671354,0.06306175943426176,0.015819368897489028
2023-05-19,-0.0014550812685670822,0.01708023776771661,0.016364083955913822,0.14370579496435681,0.030708464974852134,0.06138957464496825,0.002319840440510923
2023-05-22,0.00040623045861143403,0.013994770942133306,0.015987464759598113,0.14371267616030037,0.02938609784592908,0.06168936922550566,0.0022501916794333
2023-05-23,-0.011223025190258973,0.009360162144031126,0.0035383036469114337,0.1496060559796812,0.016324646136004487,0.04969746590139403,-0.012864736657419051
2023-05-24,-0.007244735278002179,-0.00997034078393555,0.012337471525122545,0.14063429373669262,0.007930093370381391,0.042050073658595956,-0.004683717019072442
2023-05-25,0.008659866052614262,-0.010924878110162628,0.02544753435606406,0.14210985518269276,0.015321817465378963,0.05096212072622398,0.014925178734743527
2023-05-26,0.012950543601416786,0.003344129629899717,0.01845233598990803,0.13229613758778136,0.02719225745465144,0.06450192104319956,0.011090244816621908
2023-05-30,0.0003810070830421175,0.0033188321806871812,0.010218099055361307,0.1293525779488575,0.02606849068823315,0.06483459656757536,-0.007459803185210001
2023-05-31,-0.005545229880684066,0.009080130334358172,0.005631452896732059,0.13097059552629864,0.019178600635005386,0.05898282861001898,-0.009332731701474306
2023-06-01,0.009500997617238438,0.026101230028254596,0.026725563792278084,0.12760990225402516,0.027713244402442508,0.06906747884753071,0.00672076864136395
2023-06-02,0.014461247183506831,0.03200292644209912,0.0487722582594472,0.13176083058297222,0.04075919963301208,0.08447869138716563,0.02241215619604231
2023-06-05,-0.001916353451878905,0.016856400915230108,0.054229386604260243,0.1282935980292533,0.03705313816773127,0.08232164578417782,-0.0016080585605735553
2023-06-06,0.0021776515840401522,0.01868263456828201,0.037321730092826355,0.11441134629499428,0.03768480321572114,0.08460365142813209,0.0015609578901321086
2023-06-07,-0.003457770818444783,0.020820950317745668,0.033459334492888404,0.11574803888597449,0.03259171877835991,0.08072121077716907,0.0038358625869081564
2023-06-08,0.006048461092393209,0.01732969907122084,0.044289780375516896,0.1145944695070013,0.03715360676724852,0.08696997264419365,-0.0006779184422436302
2023-06-09,0.0017942840710010177,0.004626919337476387,0.04129819723427963,0.11421050334584398,0.03758265581871409,0.08860777789768069,0.005391822056607376
2023-06-12,0.009071956138565263,0.01568726648448493,0.05258051091690419,0.11593127155037987,0.04547652896692253,0.09813230912556319,0.007421271249740791
2023-06-13,0.006592956819854612,0.020162091181055164,0.06091026572366509,0.11591804103941167,0.050987852924700136,0.10505954118580733,0.013699285792026505
2023-06-14,0.001190723223122525,0.024920762979823596,0.05852124853232832,0.11603355905605581,0.05091235903906974,0.10585900600254845,-0.000157831301523359
2023-06-15,0.012397658280387747,0.031389063740566936,0.07885433780073292,0.11533898584657547,0.06220848906219092,0.11893269325116372,0.004628882899766484
2023-06-16,-0.003406111664898015,0.026035039092579204,0.06228458223463229,0.11347170079081317,0.056891442417559786,0.11444776408264085,0.0009105717148490955
2023-06-20,-0.00518825604258677,0.011535104500454363,0.046690093716497794,0.1140138949243157,0.04991803070564694,0.10798646190444774,-0.008181590417004503
2023-06-21,-0.005123707676292555,-0.00023908621408308406,0.04284458326776264,0.11618335065258967,0.04319341702545304,0.10168278518255072,-0.006050201860812288
2023-06-22,0.0036098263663952856,0.0021765621863283346,0.04618407930216839,0.11615089315864037,0.04553948303030045,0.1049519616862805,0.00926562207307724
2023-06-23,-0.0075601688613122775,-0.017579772125577375,0.05005959630321155,0.11142300770270935,0.0363110193241474,0.09592243966839833,-0.011696950050245958
2023-06-26,-0.00408560072135733,-0.018249597419007668,0.05340108405462329,0.1084934998307649,0.031115078077641526,0.09089228787557432,-0.006556942796368648
2023-06-27,0.010963268707990359,-0.002310133472696707,0.05580665895241643,0.11041699276726072,0.04116354312135584,0.1022636415053495,0.01445612943099861
2023-06-28,0.0005042452319388158,0.003333735648679781,0.042833780087982554,0.10396281317371593,0.04049725509324256,0.10231352709365957,-0.0035163783362173184
2023-06-29,0.003941383669287646,0.0036652017409328774,0.046545246966784415,0.10398734108358837,0.04333289453037663,0.10618674038263613,0.014209289463970043
2023-06-30,0.011800889194987008,0.023245250455521393,0.06479997208594224,0.10508647134359543,0.05410520412641194,0.11844301332471543,0.009622525363312429
2023-07-03,0.0011504027155873064,0.02862494538924576,0.055991943922357956,0.10254316496614184,0.05364243842672563,0.11894580295902787,0.0054876721648798865
2023-07-05,-0.0014871167550309927,0.015957049864868678,0.039390675135999365,0.09384725426844251,0.050456679915067665,0.11644747445595448,0.003306957111234299
2023-07-06,-0.007830563344908614,0.0074935100315529635,0.03323169774480372,0.09894224836976497,0.040821825753584125,0.10688605194366221,0.00033776904308280287
2023-07-07,-0.002524791388833769,0.0010044564754825291,0.028383542201990464,0.09991834147076514,0.036526713913606595,0.10333206461403703,-0.0012574899402393314
2023-07-10,0.0025311820955922215,-0.00816633811049483,0.03456385291183017,0.0984282258044529,0.037345998443568215,0.10528794579748527,-0.0026491366750132084
2023-07-11,0.006368345341065007,-0.0029969538424378106,0.034892803945095974,0.09861490433359879,0.04239896383393577,0.11135440748964183,0.0042647473663151025
2023-07-12,0.008046023914814349,0.006521771901386808,0.04135109651012003,0.1010751466452055,0.049222451064435485,0.11922390587838387,-0.0017148743552315437
2023-07-13,0.007936871259026868,0.022517292051045912,0.04017970147060024,0.10013963224602862,0.055782257925910315,0.12689060734929572,-0.0003780809698208376
2023-07-14,-0.0006228175365400324,0.024467015849903184,0.03272316010990295,0.09898874191112296,0.053148018144783205,0.12492899600872413,0.0043252544116650915
2023-07-17,0.00347202570250027,0.02542844553863932,0.0350763120628943,0.09919878955408629,0.054612814807712066,0.12753851619910545,0.0018146689861648913
2023-07-18,0.0074306468649341095,0.026510866508413944,0.02999803494931963,0.09376903703913447,0.05994210083630914,0.1346665942515408,0.006292655795731461
2023-07-19,0.0022238935494807155,0.020582089503735634,0.035816748444795765,0.09212800756186099,0.06011737831917792,0.1358169973403084,-0.0011850749299473495
2023-07-20,-0.0066345179755668005,0.005827892791556488,0.03431087324587678,0.09361339606293133,0.05107835616192922,0.12688540164045214,0.00129291918311647
2023-07-21,0.0,0.00645473044741296,0.03963767277041352,0.0905936786899188,0.04899255153206608,0.1256233666875666,-0.00083048766155569
2023-07-24,0.004467209316424192,0.007452872129734667,0.040525834276432526,0.09084967962697996,0.05158658367110861,0.12951616869651286,0.0068521966025673064
2023-07-25,0.0027299952680175377,0.0027521168301691823,0.051314580636226514,0.08407628236046978,0.05227279321420268,0.13143368800616306,0.00460122273372876
2023-07-26,0.00015379794796310797,0.0006809301823325065,0.055789806255431174,0.08118936424982941,0.05022926382695104,0.13038897631889554,-0.0032827668469459503
2023-07-27,-0.0066298650576926965,0.0006856173657212583,0.03741658552147231,0.0812313573290834,0.041297302771497554,0.12158561753121917,0.004266626438125809
2023-07-28,0.009790320038934874,0.010482649818090772,0.04704525832829054,0.0856662146823344,0.04916501626566595,0.13114717840853157,0.006537946095758862
2023-07-31,0.0019040063576294397,0.007904096637059599,0.044920406929296774,0.08543642250931055,0.04903825742884561,0.13183893284661452,0.000649115601226935
2023-08-01,-0.002861594762114894,0.0022836539209931672,0.02977797241805713,0.079359391420004,0.04417947764531401,0.12714805817055364,0.0029813358897801123
2023-08-02,-0.013910712038631479,-0.011810806839836485,0.014286189992673393,0.09549109451979088,0.02809926392645337,0.11025469384880768,-0.011909323316336873
2023-08-03,-0.002865840580302592,-0.00806641370729766,0.012885686745041536,0.09600575097288645,0.023675235943175322,0.10577039874575737,0.004521783446635785
2023-08-04,-0.004522915816635331,-0.022126539945308776,0.016262397127776662,0.0929699062057483,0.01745556470420686,0.09962585407403106,-0.015155402054545242
2023-08-07,0.008728542620685564,-0.015465689358350243,0.02772768478351395,0.0960442622411976,0.024417013778630578,0.10807803931372527,0.011148176765538143
2023-08-08,-0.004348668969485825,-0.016933966552304613,0.020674923200588946,0.09789087629864723,0.01831262606912711,0.10211212744131513,-0.009410553766767471
2023-08-09,-0.006685290829460566,-0.009730697786680675,0.007435715948572064,0.0992934609692859,0.010253923383006795,0.09360626883956641,-0.007315266805220322
2023-08-10,0.0003589579446625635,-0.0065281006688021614,-0.0002466959904271482,0.09529751508238288,0.009368192082266585,0.09297822737890869,0.008014331230676297
2023-08-11,-0.0005832563454742923,-0.0025963768353567396,-0.008697647598679525,0.09082835317771323,0.007441010546788749,0.09138657922991629,0.004700535852010357
2023-08-14,0.005520200054753843,-0.005768699580681158,-0.002604264743888307,0.09310306932686675,0.011728307976934615,0.09650067933972474,0.007113695655123653
2023-08-15,-0.01164878118205237,-0.013058400133579395,-0.017633511114484524,0.10023865589120518,-0.0008039809547441531,0.08286048302053262,-0.009733552291811942
2023-08-16,-0.007338212004490696,-0.013707132164950453,-0.032034931279288914,0.09793685550031753,-0.008767855280468868,0.07407086104285586,-0.003500403943135666
2023-08-17,-0.0076198723162341775,-0.021573771752161686,-0.04154220960702015,0.09911081744783075,-0.01675737613135547,0.06521063200512493,-0.006335376624200029
2023-08-18,0.00048142898175029814,-0.020531447761092725,-0.03467632296138767,0.09797700877315503,-0.016794917133893264,0.06500924052559136,-0.002518956164746289
2023-08-21,0.006506197779605705,-0.019570995883528397,-0.02839573619723823,0.10188125088438327,-0.010923686512621432,0.07116161243856634,0.012702734034471641
2023-08-22,-0.002708728167925667,-0.010702602637783554,-0.03533690002210943,0.09972743589160377,-0.014039700869440426,0.06737807278721161,-0.0031388267387633118
2023-08-23,0.011137762006980578,0.007710751461591725,-0.02724831948240869,0.1083094915129109,-0.003544235550537731,0.07826178304505012,0.000284774537636201
2023-08-24,-0.013859138797715387,0.0013750986817469002,-0.04087733113672898,0.1165185344894117,-0.017435844317037614,0.06247673816641605,-0.010138403323431855
2023-08-25,0.007049891892137561,0.007949428803766923,-0.02766919800125467,0.119215273242417,-0.010705020768653106,0.06912741974987328,0.00736987840851866
2023-08-28,0.006341371394882556,0.007784366074198079,-0.030990203297675656,0.11571688963351427,-0.00451202826721885,0.07505350911197842,0.003566079088717533
2023-08-29,0.014454852976665489,0.025128535457721313,-0.01885142228314718,0.12786180789225438,0.0094373027978133,0.08954128333233602,0.007323437201796068
2023-08-30,0.004118703921863975,0.018012357024422387,-0.011983057681153153,0.12877840552278488,0.012965188222514143,0.09321908519770788,0.004224586819790654
2023-08-31,-0.0014633102124032016,0.030808811539063674,0.0004886769196652541,0.11937285683619761,0.010783225311311486,0.09087063004639269,-0.003471592014279712
2023-09-01,0.0018651749558316055,0.02550177367896511,0.005235608342602394,0.11904123563543663,0.01200163899142414,0.09210081771526837,0.007977726324926993
2023-09-05,-0.004321904280498168,0.01463547281013211,0.005438590367023766,0.11894113863950367,0.0069038050432605,0.08665042099987294,0.001742997478637931
2023-09-06,-0.0067225375974985235,-0.006545688317987408,-0.009962096396392672,0.1171503451738205,-0.0005273341159708955,0.0786210325688983,-0.004152951360346102
2023-09-07,-0.0030701017270866604,-0.013658144185904164,-0.008690737645763669,0.11669716680189876,-0.003983108653624245,0.07459067294139327,-0.0065047153605373165
2023-09-08,0.0015059559313987947,-0.010725140813432565,-0.0005160285537685327,0.11455951835931454,-0.002890809076701482,0.07550421630876797,0.0012917322828003286
2023-09-11,0.006576749299324058,-0.006072776242111,0.005696324269611752,0.11680763754901706,0.003202607359651939,0.08181228873657265,0.008288034107663877
2023-09-12,-0.005485661592302682,-0.007234487119373911,0.0007631160077741228,0.11849510077573804,-0.0024215744961864215,0.07521772625283543,-0.006878374772782525
2023-09-13,0.0011660208359105528,0.0006500054373077546,-0.0035704637278379803,0.11691786418903398,-0.0013798911786617439,0.07583691471295056,-1.0508862043678846e-05
2023-09-14,0.008622414325409222,0.012386152855270893,0.01686641898612251,0.11280095360409742,0.006904994391388,0.08442254279188502,0.010866111556904312
2023-09-15,-0.012048365576818099,-0.0013154205852040635,0.01204141508863299,0.1181470447303921,-0.005461100288944308,0.07066372104666477,-0.008942789085454206
2023-09-18,0.0005865187787634785,-0.007258684079208044,0.02041039329050065,0.1143140585809015,-0.0051733063499496655,0.07058686660806539,-0.00037997482734097865
2023-09-19,-0.0020739071662191355,-0.0038530121368892667,0.01780415644471267,0.11479824120964117,-0.007441047714345382,0.06783380772558593,0.001574827966639658
2023-09-20,-0.009193391153001884,-0.014160490451197383,0.0019283407713148737,0.11791853282893487,-0.016466150252119255,0.057537574561740155,-0.008439390401333235
2023-09-21,-0.01652839141581075,-0.03874318625938511,-0.011955579261932137,0.13107634149340353,-0.03215544334826473,0.039672335358234306,-0.009090772229525257
2023-09-22,-0.0022484797177915183,-0.029208096961851115,-0.025036093063097842,0.12406444390478816,-0.03357014581970653,0.03687206705369896,-0.006158125391569236
2023-09-25,0.004205375641342046,-0.025696999346091487,-0.007176322448838035,0.11633958257091068,-0.028831240117480474,0.04067465728750564,0.011561532094863325
2023-09-26,-0.014691463645056468,-0.03801587067988166,-0.02861054604904878,0.12316976596851363,-0.042092917949627565,0.024906735405022258,-0.014364478257028801
2023-09-27,0.00039930469668880697,-0.02870222553218127,-0.034346234841508894,0.12017651529001211,-0.04056480384672103,0.02487263386694949,0.00486911279343627
2023-09-28,0.005797335144914539,-0.006652856406998975,-0.04258727648730132,0.10877220676466372,-0.03391137149452239,0.03030193542643785,0.003059600827521658
2023-09-29,-0.002426863453558359,-0.006830452703056156,-0.04882838071468221,0.10643481951360534,-0.03525062379320101,0.0273728027486856,-0.002645760756801896
2023-10-02,-0.00039781010531680927,-0.011383051220279938,-0.04781342205310157,0.10661171400118645,-0.03461998143209447,0.026574659916291838,0.007714165139152129
2023-10-03,-0.0133861704504038,-0.010073375187091171,-0.06230851256474634,0.1120406803077662,-0.04620615368186661,0.012487597335234758,-0.005108853995283158
2023-10-04,0.007282147407161599,-0.003262585513899241,-0.05138026122120898,0.11744210561954234,-0.03799036431414447,0.019357984234097382,0.0009387190054357397
2023-10-05,-0.00037686538940562286,-0.009381170702047803,-0.0453198902369959,0.11660969715909329,-0.037069867046467274,0.01841843784384699,-0.0022566285168406086
2023-10-06,0.011872813641442326,0.004818820119907086,-0.031010254114214764,0.1262625573820946,-0.024692069430190363,0.02984664893029434,0.017722644334635773
2023-10-09,0.006402272724946867,0.011654390585136953,-0.026272907583764993,0.1288291699511067,-0.017420537096816218,0.03574559754231938,-0.006365568658989407
2023-10-10,0.005204708460932572,0.030717111694647414,-0.027600171835769016,0.12786489589011346,-0.01133386520418175,0.04048133404988603,0.0071780928566000934
2023-10-11,0.004096497654555886,0.027457346076514844,-0.018231086197440294,0.12822146356443254,-0.006444889915117667,0.04399648413417828,-0.0013956197487936528
2023-10-12,-0.006096613173387944,0.02157833360183181,-0.025353010188329694,0.12925059386619922,-0.011832201822804832,0.03694990637665904,0.0035166941482139835
2023-10-13,-0.004980683650419038,0.004563183627772194,-0.03849788809898136,0.12474944813638134,-0.016047136520244205,0.03111594928455738,-0.01137825782910562
2023-10-16,0.010521396766702829,0.008674780424886341,-0.01653236529171387,0.12596839614443714,-0.005277241099346917,0.04117460622291158,0.01643988862409973
2023-10-17,-4.6013734415484286e-05,0.003405932186427707,-0.017154075901378518,0.1259020249049489,-0.004727883335750442,0.040421286812535026,0.00976667296922229
2023-10-18,-0.01332508168533808,-0.014003665495208817,-0.028235228199978923,0.13316682310787709,-0.01722891640826948,0.025921368164234404,-0.008648534467442959
2023-10-19,-0.008786350087727879,-0.01667200406158509,-0.027836009861730737,0.13287108749871057,-0.025073116784799458,0.01630390912808375,-0.003864458210275701
2023-10-20,-0.012288038062323814,-0.02389349820888631,-0.023644410633303137,0.1274531185619986,-0.036032546316833024,0.003317649536540112,-0.018134142318472213
2023-10-23,-0.001733236749181355,-0.03573078091284032,-0.023140216610985753,0.12740751691128713,-0.03666164361378668,0.0010392158481701038,-0.006427182011892185
2023-10-24,0.007539340535655414,-0.028416120699507164,-0.01989703916592822,0.12965495867368917,-0.028378919764129547,0.00810864511777978,0.005759072067807125
2023-10-25,-0.014352147707983431,-0.029427477907496113,-0.019559515900562263,0.1292055489996597,-0.041277831595081665,-0.006761072833109424,-0.0055791515095690025
2023-10-26,-0.011974556108007905,-0.032549292420772424,-0.03168650761335057,0.134623915385665,-0.05164564010069122,-0.018961044870122446,-0.01959272496150566
2023-10-27,-0.004532751596216467,-0.02495309264974177,-0.041631614862536526,0.13230672352177558,-0.05489814113993126,-0.023634245703496384,-0.006089562496146006
2023-10-30,0.01195582424779329,-0.011582441556276857,-0.02781416862095043,0.1408153672808623,-0.04274499675716649,-0.012230904253149967,0.015286359160966212
2023-10-31,0.006280211960553617,-0.01281767351387697,-0.021319306465076404,0.14323671803516663,-0.03586288445595658,-0.006311799640501101,0.008396910901945054
2023-11-01,0.010664703153386412,0.012238124028069786,0.0025381795681609365,0.1412199366513227,-0.024953484771848465,0.003936638947699718,-0.0008533152705481051
2023-11-02,0.019164363845667998,0.04414013840738251,0.01436443467270987,0.15417644245363363,-0.0057759231145793205,0.022647301163346116,0.012967478272848387
2023-11-03,0.00912347971768801,0.05846408455135421,0.024004880016651242,0.1568114513657993,0.0033256258240568328,0.031361403753297636,0.0014252610391987108
2023-11-06,0.0023003918691222314,0.04836490023050266,0.014317687638037757,0.15201720176304406,0.0057605816319981,0.033192724959009885,0.00808465904206368
2023-11-07,0.002845991030562711,0.044787053185667336,0.010733435572439554,0.150837115144988,0.008822021254647166,0.035633433781719064,-0.0028619163122263203
2023-11-08,0.0007324206293399804,0.03451943410554281,0.006236549707454353,0.14989138394152754,0.010042769269561456,0.03588317578945518,-0.0033060705161651605
2023-11-09,-0.007798678313531648,0.007150157759335141,-0.005683978700174008,0.15178566231420804,0.002887859610920334,0.02734362329330474,0.002093518218702628
2023-11-10,0.015604876598120487,0.013618880390241062,0.016026520782860043,0.15962731300638056,0.018922061455293557,0.04287753793240418,0.014507150113256984
2023-11-13,-0.0009532730859802552,0.010328473386801873,0.020138959482606023,0.15839278888852612,0.018394165511306588,0.041403188904009784,-0.00040496626489261445
2023-11-14,0.01940071592589887,0.027006717185389162,0.02910278690571544,0.16782576886574255,0.03810039032751273,0.06094781297939151,0.004367267311646605
2023-11-15,0.0021170203185669756,0.02842766963195298,0.03132887370837856,0.1677549327210467,0.040056092159528656,0.06259514696666706,0.009900646157955384
2023-11-16,0.0012231202616919123,0.037778863872286905,0.04653548375795902,0.1588645835039631,0.040993844863994766,0.06334279775981551,-0.006294876734394217
2023-11-17,0.0012438032133850196,0.023104241128135916,0.0571254421771914,0.15383199291547464,0.04195925591615131,0.06418049630617348,0.0005953007658705545
2023-11-20,0.007697472716989395,0.03196330095137223,0.07851547564228345,0.14461017522877767,0.04962131581639957,0.0717845371168593,0.006292369714444357
2023-11-21,-0.002179170429140398,0.010117474860427356,0.07803369422608197,0.1448272396403177,0.04690596140416964,0.06884446398301095,-0.003474141789061469
2023-11-22,0.0038607208900307555,0.011875096358163972,0.0740976931523003,0.1441331180309185,0.05045867584140787,0.07240973207193022,0.004184156625635427
2023-11-24,0.0006153893714431202,0.011260899841238237,0.09040838364059112,0.1294159592271366,0.05078864185613182,0.07244842734282714,0.005790249417680027
2023-11-27,-0.0018009654250499274,0.008185669349693336,0.10163620033398191,0.11770146030799215,0.04835859134703858,0.06986355415208885,-0.009387296384842259
2023-11-28,0.0009902282236666782,0.0014751754146828944,0.10774821910009735,0.11376372590355474,0.048849919391198614,0.0702758466650476,-0.0034195707277031584
2023-11-29,-0.0007036482175785119,0.0029561014706041,0.09389039275803701,0.11232656911005616,0.04753710238818559,0.06894042352027935,-0.005951010167316917
2023-11-30,0.003937679243246173,0.0030329904735408864,0.09134391116799234,0.11210073697990096,0.050801912953983924,0.07254065781804647,0.008838146498537203
2023-12-01,0.005915755334612749,0.008346162726449835,0.08621586497195688,0.10983126030363227,0.055671189759707494,0.07825632130679415,-0.003519795475674492
2023-12-04,-0.005249364295787373,0.004862709378552266,0.060195941423710764,0.09932952140243714,0.048862430365554516,0.07193036697126502,-0.0011021685369388967
2023-12-05,-0.00019711476782202642,0.0036707729722336158,0.050403624978989425,0.09708228287161008,0.04748314259059566,0.07104269420882053,-0.0072447415105215685
2023-12-06,-0.0040297871834187315,0.0003300738283777971,0.04376964271429595,0.09957741624136718,0.04188144344636458,0.0659758475855432,-0.008164759229788432
2023-12-07,0.007630412781345353,0.004009537692688303,0.04874930482201112,0.10141518279194467,0.048285707271769965,0.0733037887927367,0.009108696224466084
2023-12-08,0.0042991332252331205,0.0023959790939145353,0.05248715449924113,0.10147826439087648,0.05126863738278751,0.07711151657792054,0.010749979624188333
2023-12-11,0.0038897117635567913,0.01160529524382059,0.06488572739370402,0.09442506406455875,0.05369643264918722,0.08041659846089835,0.003783233207247827
2023-12-12,0.004567128028222456,0.016425778672598312,0.05331238702730512,0.08292258504466223,0.0567353885434322,0.08445402381971515,0.002438399049014439
2023-12-13,0.013790099089211916,0.034611655667145635,0.0688565814281541,0.09058441273128892,0.06892703029837917,0.09840020390271759,-0.0010779470560797755
2023-12-14,0.0032093506882475697,0.030072211130808713,0.05187969782762414,0.06883076989102993,0.07005538434937099,0.10087673788775446,-0.005103177552175264
2023-12-15,-0.0016464727459566397,0.023974024558061302,0.04792931891256602,0.07025957261935728,0.0660347616812654,0.09806805996002778,-0.0008137567552634062
2023-12-18,0.005625136635543093,0.02574416919612532,0.05253668556954638,0.07110564806167934,0.0698848381301943,0.10329193398227066,0.007812870021227991
2023-12-19,0.006080803646176358,0.027289754250474196,0.057621481487672765,0.07203926618694524,0.07423329262154381,0.10901018812814027,0.004201541306949608
2023-12-20,-0.013857179182527157,-0.0007256758932857599,0.03499895489399907,0.08966658860597987,0.05764982003044041,0.09267328428451993,-0.01875517620163769
2023-12-21,0.009481776040874745,0.0055221462591457104,0.04709438029690549,0.09244044496929249,0.06584176998679722,0.10200834861185402,0.011037300145818496
2023-12-22,0.002009757369049625,0.009204629720260149,0.04516370061134567,0.0922461342733457,0.06597730530325498,0.10309221012695662,0.002944765413283923
2023-12-26,0.004222463633294371,0.007796963944731727,0.04893136511455154,0.09235015351784807,0.06827166131361719,0.10651923763664883,0.003598684273601105
2023-12-27,0.0018081420699207484,0.0035170141147495837,0.052723901392806694,0.09117270994142809,0.06817698478319689,0.1072717190112087,-0.005984110841958934
2023-12-28,0.00037775002477435926,0.01800273905508276,0.0520797687920318,0.09132214138896994,0.06655157640147538,0.1065223323716823,0.004191829061689467
2023-12-29,-0.0028949680732826,0.005521523734672851,0.049772702141556824,0.09257832349973577,0.061239708996711904,0.10214395521888363,-0.00041104258797863835
2024-01-02,-0.005596406709635127,-0.0021112978400955607,0.03980333513786949,0.09631060297596243,0.05304618808969067,0.09492898700863181,-0.0018614115023848354
2024-01-03,-0.008166582374827924,-0.014422204526364335,0.025246587578086732,0.10110662373291561,0.04215698192575494,0.0849419512495851,-0.010561820613420925
2024-01-04,-0.0032211917702446025,-0.019370057863480894,0.02733693754741373,0.09970912797901701,0.0365639407826938,0.08047248486906146,0.002803890134830178
2024-01-05,0.0013697230244302805,-0.018397666758991127,0.028946925238889643,0.0995595465912749,0.035869681355372746,0.0810340365623706,0.005027844003938298
2024-01-08,0.014275905265448419,-0.0014937611588807798,0.04785872171356953,0.10695052924366201,0.04793243621859104,0.09536739349649521,0.010919186120597946
2024-01-09,-0.0015170810317232108,0.002602394735107927,0.03834602633214823,0.10584096069729107,0.04343985064631764,0.09263238919678898,-0.001098765709284133
2024-01-10,0.005655397248778726,0.016574448534010244,0.03974826926248243,0.10634518207287674,0.046229157965218294,0.09773283303721966,0.007224176246660496
2024-01-11,-0.0004405746552899048,0.01941028762577357,0.03526330666485089,0.10637161805794962,0.042909073660596916,0.09618484097878628,-0.005783114633098774
2024-01-12,0.0006927961931855187,0.018721165356671454,0.03127058833399121,0.10588901506952998,0.04088923049740522,0.09586599867764872,-0.0020163289680192875
2024-01-16,-0.003671252435621719,0.000695350769969405,0.013508155778870101,0.09725352406529303,0.03462893656001233,0.09086373645326493,0.004434421227820229
2024-01-17,-0.005558743209517991,-0.0033552668959604404,0.004650049871141482,0.09908000585007415,0.02694167116115215,0.0838897616963508,-0.002310998199696601
2024-01-18,0.008892746932739337,-0.0001469238387241667,0.015255739425749981,0.1031933177127239,0.03411526667543872,0.09262968930456643,0.01110019913346505
2024-01-19,0.012466275236597602,0.012763717830734489,0.022162393780239098,0.10978352813336428,0.04480736591307049,0.1052864895342835,0.012360773045735352
2024-01-22,0.002114294274474071,0.014202362824654369,0.01813248216713892,0.10835162039379001,0.04483122861415516,0.10661733953542096,-0.0009403486204990763
2024-01-23,0.0029164564940398208,0.0209082517979442,0.035450240777594066,0.09427478239668381,0.04564680368366607,0.1088062960672913,0.005436639842373081
2024-01-24,0.0010932238759320256,0.027737260592432644,0.026845896880440367,0.08990151095215311,0.04438886724622702,0.10899403449515561,0.003935734333861185
2024-01-25,0.005438760598087233,0.024218759280483226,0.030359892497980212,0.09103104325367471,0.04785055524889374,0.11396919719865106,0.001110363817889981
2024-01-26,-0.0012702191065482316,0.01032281475659036,0.024724248801190285,0.09090468717665726,0.0443222436717007,0.11151039502011953,0.0005166902821934771
2024-01-29,0.007919212356922722,0.01617528209489616,0.03097510826843375,0.09385441685248168,0.050595728599844104,0.11919230770776183,0.0019165085034675844
2024-01-30,-0.0007733499618322037,0.012436695404157705,0.02978880096272829,0.09410761523819568,0.04785494307580229,0.11728247668655513,-0.0021339359389077606
2024-01-31,-0.01631732385186435,-0.0051711327044571265,0.01592647831792915,0.11169659229224826,0.02924221208636749,0.09811360776999288,-0.02468034718656953
2024-02-01,0.013088092980850563,0.002397480092392934,0.035015385576276925,0.11689685723229593,0.040927848449629545,0.11147603271807134,0.006893973513574014
2024-02-02,0.010527389725905945,0.014238414037697433,0.05452324687431731,0.11500619604110356,0.0500127238437592,0.12209621839489058,0.02354158211253421
2024-02-05,-0.0036411786690189185,0.0026055445417496603,0.054078929695336786,0.11528090897157038,0.04436557390677505,0.11695763471551693,0.006090847763615792
2024-02-06,0.0029033984173716387,0.0062947258808720985,0.05569333332620463,0.11520777110975935,0.04558883440423772,0.11910024862513947,-0.002486187227463743
2024-02-07,0.008340340275956759,0.03151919914447543,0.049515392633340705,0.10931855806469765,0.052320836740408314,0.12727804713124596,0.010127180612692133
2024-02-08,0.000441738263925906,0.01864276936499154,0.05157432720609756,0.10865936655042162,0.05075779416238112,0.12662459845326507,0.003705957289726447
2024-02-09,0.005779409125310275,0.013856658511337328,0.05170400155178867,0.10870673299750541,0.05469082919981117,0.13186052739229587,0.007575396986334915
2024-02-12,-0.0004390684162433045,0.01711500352877504,0.05170558636765099,0.10870623269687149,0.052093242206705526,0.13007282167209477,-0.0013916320514938407
2024-02-13,-0.013773029070145548,0.0002022633490328385,0.03650232988500246,0.12231080970713658,0.035883148360602406,0.11342462742224087,-0.0027768938144330235
2024-02-14,0.009087731186302683,0.0009436222437189112,0.0497757763086033,0.12318496498892073,0.043488833907612455,0.1224389829859583,0.005346026262147419
2024-02-15,0.0068996364175557545,0.007404760081882511,0.06292738788470498,0.12064747436159494,0.048618288061441535,0.12902487364802423,0.004130268166397721
2024-02-16,-0.004979936790690087,-0.0033719730594058417,0.048311705972107655,0.12158717852135482,0.041449070177166876,0.12222530464524425,-0.000625168471223847
2024-02-20,-0.005505515783062909,-0.008423554492056784,0.02970364033674433,0.11851058131532899,0.03382560365154602,0.11487822967774965,-0.007212287150638708
2024-02-21,0.0009060044323208061,0.00633510075962862,0.0284620849012458,0.11849548744534996,0.03300668878861494,0.11467972721740795,0.004100583989426587
2024-02-22,0.020695462329564096,0.017911167863241095,0.04669394588096787,0.13612455033333506,0.05223590861921154,0.13648103508461687,0.02058881063451312
2024-02-23,0.0006896478630404879,0.011633266398866526,0.04627198660752385,0.13617345794493788,0.05088182982410383,0.13599618659005436,-0.003903873022093496
2024-02-26,-0.003662614801545172,0.012972582856948245,0.03680098300848855,0.13708541049399992,0.04513990203221715,0.13057520150915977,-0.002173768480522753
2024-02-27,0.0018578783907625684,0.020472791790461686,0.04004832240118894,0.1366423405343981,0.045426279912886905,0.13142797254130348,0.004094259078247342
2024-02-28,-0.001321748550077162,0.018201488296127666,0.030512790415221813,0.13526182837456086,0.04248985827254672,0.12868867312197463,-0.004950737844725328
2024-02-29,0.003595051652306225,0.0011428608752512837,0.03501796823135406,0.13519671781278897,0.04457065404094417,0.13147114661433928,0.0015744404569579817
2024-03-01,0.009388187530355419,0.009845340117011547,0.06206496906637371,0.12063373035599818,0.052607934625510944,0.14076660805711697,0.004822923163938508
2024-03-04,-0.0010723399584747773,0.012470732899373171,0.047219962125841786,0.11542430228617336,0.049864794066896416,0.13819326207846833,0.0011523928656876903
2024-03-05,-0.009994161907803556,0.0004931418794602571,0.025953266395362107,0.11867031750319157,0.03771692398846711,0.12561001801125773,-0.016152026872726544
2024-03-06,0.005067165016096942,0.006893665969914364,0.034920270508100426,0.11798251013708687,0.04139632087336939,0.1301195457125503,0.0026403992404981924
2024-03-07,0.009926554490286232,0.013245979179447032,0.0421676351040039,0.12137325083060595,0.04996800212600827,0.14006281014269836,0.008242126487205459
2024-03-08,-0.006002188754834714,-0.002203217751598374,0.02734395011948787,0.12209462168895771,0.04213258930432153,0.1319962821474043,-0.006737757607808037
2024-03-11,-0.0008598395528394143,-0.0019909579159256285,0.026007372441327448,0.12229480792800544,0.039764005209710275,0.12975046257484238,0.0004002579420843144
2024-03-12,0.010757366242579058,0.018928325520880973,0.031085444885121216,0.12578305699283934,0.04923825860843728,0.14051375780123457,0.014857591638663514
2024-03-13,-0.0015675939807537898,0.012202064719407657,0.029921327474185855,0.12606141536095739,0.04586668079730818,0.13739588526453336,0.0006497087841959015
2024-03-14,-0.0019767967601285186,0.0002718935013321655,0.042240186720624795,0.1141951159124865,0.04201233529230318,0.13390221593809973,0.0054297410356879405
2024-03-15,-0.006866541922767921,-0.0005979154360328254,0.025761753706043278,0.11508260136022912,0.03307524612675807,0.12492792414735111,-0.00516092184959549
2024-03-18,0.00594310754962768,0.006206815055774362,0.024787306309749235,0.11453595729983897,0.03723811021203411,0.13035428825789225,0.007117976364547585
2024-03-19,0.005557073200621154,0.001029934358325768,0.03563954385230339,0.11319083680860703,0.040928911678675226,0.13538565313479323,0.002670278597375564
2024-03-20,0.009249535056849778,0.011875205310247328,0.05100505302694369,0.11290739040381713,0.04855274846891973,0.14464419872955372,0.0069045913477279175
2024-03-21,0.0033045720384243804,0.017229876544349487,0.053523677815763504,0.11281433742438193,0.049911603034333736,0.14715025172142598,0.0031980785593199723
2024-03-22,-0.0018959405749968683,0.022321079699596513,0.030205676753321198,0.0921869163864025,0.04598096816892225,0.14372799450977186,-0.006787409395030974
2024-03-25,-0.0027626439198537023,0.013473588052125507,0.026651557251694102,0.09330709601362629,0.04121507357930582,0.13932686887353685,-0.0001174505063983311
2024-03-26,-0.0018470447793349498,0.00601117918892391,0.028522367098130053,0.09230440838164296,0.037479355220742055,0.1360296259947447,-0.003332125331978575
2024-03-27,0.008403906696541563,0.005168264176967918,0.035242618216947186,0.0954833534491585,0.044122338672171905,0.14433128522040067,0.004589711936560104
2024-03-28,-0.0001912804708001925,0.0016659179339155727,0.03641447585227886,0.09511697054725675,0.041750272930893645,0.14291916209528396,0.0007587531241519674
2024-04-01,-0.0017396740934640942,0.0018227420718286425,0.03090529465562475,0.09558717663269169,0.03798870333777279,0.13978856661494599,0.0073085543848877554
2024-04-02,-0.006358317967960492,-0.0017894652051131388,0.014823121225148173,0.0947068544567186,0.029836901324565693,0.13145595418519898,-0.004219898762843677
2024-04-03,0.0010985568245236443,0.0011563063190820344,0.01702856245708717,0.09448812846125283,0.029437493786760673,0.13167317270197718,-8.022988222911032e-05
2024-04-04,-0.01220591023590567,-0.019305383740802484,0.014756443307788691,0.09792607237462561,0.015676068726817552,0.11690768035319404,-0.01563072857852854
2024-04-05,0.010446804601187631,-0.008870675027401131,0.020187944924456414,0.10259965127516613,0.024884958538595004,0.12752170882054417,0.01705956229822181
2024-04-08,0.0005592439598944843,-0.006588179130027405,0.010725457541606476,0.09729279181217582,0.02415417928819529,0.12706887246814177,0.0028139022741553443
2024-04-09,0.0011568076580090736,0.0009252080065642598,0.018004930235661964,0.09435660900974153,0.023987606995957474,0.12730177052139346,-0.002824620549676471
2024-04-10,-0.010013001449981629,-0.010184426206139685,0.008678947448256258,0.1015225526969287,0.01276103627591009,0.11497931879557056,0.0032775473957584733
2024-04-11,0.007546807585846249,0.009608714821252917,0.005474990658277612,0.09795437654517077,0.019254452666035395,0.12228473339525713,0.008958766377133554
2024-04-12,-0.013803126313320702,-0.014621102595769986,-0.006846846737642909,0.10936486985449907,0.004021317605626603,0.10584361762677962,-0.017936650117478026
2024-04-15,-0.012527972042268187,-0.027509761165615876,-0.017346535490432635,0.11722310677871633,-0.0092099725032281,0.09113115908123992,-0.0061365329063206575
2024-04-16,-0.0018239110392691549,-0.030405131616719316,-0.012357116729426965,0.11522313296902727,-0.011433031562220147,0.08831629923190536,0.0021012732362981623
2024-04-17,-0.00591828116126103,-0.026394755939843306,-0.02400272179207419,0.11410008568759668,-0.017651073831424502,0.08115123757865507,-0.012266895838233705
2024-04-18,-0.00205766558281828,-0.03567568003492583,-0.03139361438780297,0.11149502114132269,-0.019944387547168787,0.07822280311219229,0.0014229398573273322
2024-04-19,-0.00872837899919121,-0.03071348396306195,-0.0486475458980985,0.10696830655342816,-0.0284454176485869,0.06815763908916772,-0.010038231770954864
2024-04-22,0.009209121153805233,-0.009376706073395802,-0.043048740263364915,0.11270314416127798,-0.019611494854055646,0.07724237351256105,0.00910002048354408
2024-04-23,0.01186666829700056,0.004210282182333103,-0.029853577120848684,0.12261720725514429,-0.00821113382393029,0.08918327686012327,0.010558849802544845
2024-04-24,-0.0004746710965192191,0.009709356449175921,-0.0276277593286558,0.12255621475294938,-0.00891446851191519,0.08784126618702451,0.002573067921183725
2024-04-25,-0.0037988637149392046,0.00794762735441723,-0.029529165863467544,0.1228511721131272,-0.013102917115382992,0.08294269812837163,2.2701764706978267e-05
2024-04-26,0.00947396486246821,0.026456186379969937,-0.02849936001487341,0.12397764927195098,-0.004191651671980401,0.09241563818523132,0.006733918663702543
2024-04-29,0.003541414188253267,0.020691620091935814,-0.024872350988739744,0.12508536110359741,-0.0010410594531170224,0.09551589173842036,-0.0005026800490375294
2024-04-30,-0.01584122251844633,-0.007257923906135555,-0.03864712436820272,0.13503837356671752,-0.017020466723978955,0.07749659787707286,-0.011160468613318875
2024-05-01,-0.003247126074506168,-0.010011563690074832,-0.03563703197020873,0.13415407462992895,-0.02040908850680689,0.07337235836600871,-0.007207101131301297
2024-05-02,0.009353415022362421,0.003058692292174703,-0.027685088080104503,0.13926813324014836,-0.011608817951732459,0.08276561821813153,0.0046550452188947045
2024-05-03,0.012395426723782688,0.005961588073732482,-0.003469265139937283,0.14105582664512223,0.0004327429359536007,0.0954715494275033,0.006848848302458688
2024-05-06,0.010326776487253442,0.012763314178358742,-0.003587640203362885,0.14094301652781419,0.01035701098973236,0.10596448866891055,0.009461484425852262
2024-05-07,0.001103263362621787,0.030200290884366376,-0.0030458755251401293,0.1409893014436459,0.01096877092542895,0.10635847379166519,-0.001490280542321143
2024-05-08,9.681572711817132e-05,0.03365644326360839,-0.004101417793172857,0.14091731725280893,0.010599203915018248,0.1056635817201696,0.0028992933006245503
2024-05-09,0.0057618467228697234,0.0299783978347834,0.011767627914377465,0.137572771673176,0.015807669018515953,0.11120797952730384,0.0027353324751926422
2024-05-10,0.0012881315218662426,0.0186781945600909,0.005482732972066806,0.13527595699574155,0.016547068762312565,0.11180613066809465,0.004521109885078034
2024-05-13,0.00013419604270126229,0.008401361671166674,0.01969261068183714,0.12521585454906556,0.016300718211727985,0.11108700012148473,-0.0010550771778494727
2024-05-14,0.004588206588452826,0.011911710326379943,0.03736727930911243,0.11566067930507436,0.02046252724996217,0.11533763120221327,0.0016729167721225568
2024-05-15,0.01238307980169906,0.024343121263521894,0.052132076421423035,0.1204633909538214,0.032126016951421255,0.1282249787789691,0.004846251249616351
2024-05-16,-0.002057589921140024,0.016379221892566243,0.05621821643779468,0.11779691951550576,0.029179489939052117,0.1249805299955014,-0.00013409297304611822
2024-05-17,0.0014377279581891944,0.016531072997918672,0.05991772712524068,0.11665957095739952,0.030008136399345468,0.12559083807072813,0.004542657914322068
2024-05-20,0.001151852042891699,0.017565413139381203,0.07048216961278375,0.10913469475135618,0.03039573877966788,0.12585833255379775,0.002655126489955806
2024-05-21,0.002452794700307237,0.015402416136298003,0.06331564005121582,0.10699134301872998,0.03205384048200764,0.12755058655150944,-0.00012840242909462063
2024-05-22,-0.002879546594619309,9.427040707166157e-05,0.04781964495909041,0.10364765691827228,0.028496661955308936,0.12330376712377596,-0.001592095947913763
2024-05-23,-0.0073041499193599035,-0.005163602733275208,0.04066018449473674,0.10849409778016983,0.020525236231478207,0.1141308543552773,-0.0037592059472216777
2024-05-24,0.006616389864486871,-1.907780706966733e-05,0.051540256115558014,0.1075694945927353,0.026636604893797176,0.12045307516485793,0.005322956934710188
2024-05-28,0.000698826339181613,-0.00047157365977035237,0.04239944443401722,0.10457006324977108,0.02655860377145412,0.1201854970235403,0.006297134628982626
2024-05-29,-0.007002565751954126,-0.009899350811265917,0.03144719206415747,0.10890107635026837,0.018847315289747785,0.1113405806712193,-0.002130216091517423
2024-05-30,-0.00663377029895551,-0.013627144493732701,0.041097058483234195,0.09409359704197476,0.011818109112295845,0.10304483968192386,-0.011638817979371274
2024-05-31,0.009108326081044504,0.002680791937281768,0.0540021879610304,0.09524478008513403,0.020761748285462275,0.11204514103787384,0.004453192182887644
2024-06-03,0.000815187095192238,-0.003097729697646323,0.04508627131319498,0.09207118289292045,0.021372447064029403,0.11186349560453682,-0.005734515086130987
2024-06-04,0.0011181234521697725,-0.002680023357969352,0.03344481727706006,0.08415791943515706,0.022230398256696263,0.1119737498731027,-0.004358197323321766
2024-06-05,0.01188500946540949,0.016289769941516763,0.035038705346605914,0.08634298782391583,0.03378362705519382,0.12397374788796162,0.008254447133744902
2024-06-06,-1.865832421898972e-05,0.02305753637642538,0.03387875270960472,0.08652066002406869,0.033131112498683175,0.12277284467133581,0.0004068910592572861
2024-06-07,-0.0012156125041559163,0.012590886858533823,0.0325219924025697,0.0869268237624367,0.0314431260038125,0.12022576446673014,0.00932312080565445
2024-06-10,0.0030895502539092234,0.014892010420225477,0.02977859456598253,0.08577657340172355,0.034126872425238035,0.12254076302928019,0.005241312164621426
2024-06-11,0.0024084120171274925,0.016200051424614115,0.0309307513104915,0.08584392366335653,0.03602584087425226,0.12401123684938209,-0.002874750927611247
2024-06-12,0.008213005622847325,0.012512388835745014,0.03925832701294141,0.08877695396647199,0.04362778031401311,0.13198614815828097,0.0026358256401717295
2024-06-13,0.0020134619313800783,0.014569974161237287,0.036594723352012526,0.08822272312914725,0.04480095880871104,0.13302878436690124,-0.004598981881732023
2024-06-14,0.0006083880074114756,0.016422802634588507,0.024538433962579376,0.07927960074934756,0.044241495406306626,0.1325543885146114,-0.0017226442129321118
2024-06-17,0.00795891438041485,0.021356891252357846,0.03482188672222675,0.08170253178512321,0.05139268079565971,0.1403681291255005,0.012609879100789922
2024-06-18,0.0025406234208713574,0.021491601842070995,0.035961548562086776,0.08175677597834509,0.05285917717386258,0.14204040035597804,-0.001813435764384641
2024-06-20,-0.002716408066422371,0.01041824310301176,0.03195879041415073,0.08316739157528816,0.04888456422448437,0.13774658277002375,-0.00017869775823242673
2024-06-21,-0.0013408161276368125,0.007035829720323017,0.028053519201377553,0.08366357255897108,0.046188425400916826,0.13501948749799403,-0.0015528013155378106
2024-06-24,-0.003250334541227695,0.003152320537307407,0.02767122852417181,0.08390823035582375,0.04173092658731224,0.1301209244368521,-0.0040980955800483665
2024-06-25,0.0038506660254042924,-0.0009363370576359609,0.03921905901523859,0.07817419360652383,0.04431420346605182,0.13322065468516567,0.003003279029904604
2024-06-26,0.0012479464208918767,-0.002224530860889695,0.033676740412041495,0.07623359779457642,0.04390937159329245,0.13338384020658683,0.007279134832278711
2024-06-27,0.0015765592818417495,0.002070553851782897,0.034583398942301,0.07616499858497212,0.0437790857673107,0.1339443436988043,-0.0006589584221599054
2024-06-28,-0.003935194137760778,-0.0005326864242690688,0.0377792297077999,0.07243368322795193,0.037876053978147875,0.1282599431662979,0.0013752578459033105
2024-07-01,0.0020583366689184146,0.0047904589320117985,0.046859957242067374,0.06565744638899927,0.03813444169150069,0.1293532021935877,0.009502376064601026
2024-07-02,0.0067296445915709935,0.00767213276324763,0.044392287183260715,0.06296163013494425,0.04291926983690249,0.13572017537794515,0.0029529724232646437
2024-07-03,0.004462590190542848,0.010907402263692134,0.048198504065409375,0.06330674373247056,0.04545446576323368,0.1394605928227795,-0.002202719080973914
2024-07-05,0.005766543297254234,0.01513642082177813,0.05306552885873117,0.06429819941557258,0.04946903217024873,0.1446644308953901,0.00021322547954394366
2024-07-08,0.0011539348922100512,0.020322991211756625,0.041897733491726985,0.05450596859561827,0.04863651912597104,0.14460177939797014,0.0008354925302775928
2024-07-09,0.0009724054218764877,0.019217266547147505,0.042930339829233555,0.054159219656358955,0.04752174764757529,0.14427946339724876,0.002352628098947984
2024-07-10,0.009895414778973155,0.022422305411607946,0.0545324709851871,0.0592599973422865,0.05571096619855256,0.15400629437831365,0.008938641410640269
2024-07-11,-0.008622821984271,0.009102927055768761,0.042219435888470214,0.07067666897309162,0.04471911879889914,0.14252285302248416,-0.014995787537575245
2024-07-12,0.006307676998422274,0.00964585583523192,0.046273561632494076,0.07224739718639572,0.04896052395651094,0.1481710964431082,0.004196978565593312
2024-07-15,0.0027500660630705998,0.011255525603150573,0.04060439331358334,0.06888666856218251,0.04937678745363248,0.14967806885761464,0.005909615776281463
2024-07-16,0.005930200280948483,0.01626425253596775,0.044671978519639,0.07028557715121354,0.0531807684096386,0.15480295866112992,0.001492690758097437
2024-07-17,-0.014021165651191936,-0.007803156205953843,0.029398186146354144,0.08975255120547544,0.036585827139770766,0.1370672518346374,-0.014862586198018946
2024-07-18,-0.007684861962399481,-0.00686442068334614,0.01342166690333424,0.09167866477489525,0.02717635846113585,0.1268383819637106,-0.004847082752276632
2024-07-19,-0.006640735874323123,-0.01964334487675201,0.0041406580105221025,0.09475939684420953,0.01908562871063129,0.11791834376277749,-0.003479025486892162
2024-07-22,0.010310034623385755,-0.0122522055076707,0.017256667177703466,0.10026821767073539,0.028099142984561842,0.1278661863974337,0.01126163322770779
2024-07-23,-0.0015686194535257103,-0.019615482454673372,0.01702462159517837,0.10033356179765138,0.025145554581492115,0.12457055701642449,-0.002309199594631939
2024-07-24,-0.022662596071628127,-0.02820788251287154,-0.002782506133502838,0.1287695924603368,0.0010952841427318743,0.0977349944495137,-0.020441900383235567
2024-07-25,-0.005210211292997813,-0.02578441246603269,-0.011783511639096633,0.1290909347057268,-0.004826563648015336,0.09076227843052548,-0.0074358494464416
2024-07-26,0.011199682146224132,-0.008287808818774667,-0.001961299901496405,0.1352754562442907,0.0054707524752641455,0.10167717672154442,0.006440681533783854
2024-07-29,0.0005876627131091716,-0.01783121076490457,-0.002946703400453665,0.1351681641006251,0.005442053656254826,0.1010468191068261,-0.0010961562021678528
2024-07-30,-0.005066469677220575,-0.02127208751023657,-0.004079101613243097,0.13562801563931604,-0.00020594514835975395,0.0942499889437771,-0.0071683646158261505
2024-07-31,0.01625469305456595,0.01770057125954061,0.010030304484222707,0.14699281828987312,0.015181644352499775,0.11067307327108263,0.008914934584725698
2024-08-01,-0.01416082217664505,0.008543820845717809,-0.01092865368699425,0.15353467174729324,0.00026550236172604564,0.09366637761863984,-0.01843092366973076
2024-08-02,-0.01861860871987664,-0.02119615389137619,-0.033656182520612865,0.1645960522826786,-0.018475522891327447,0.07220940936726065,-0.03410880902760616
2024-08-05,-0.029123572531683073,-0.0502605451625876,-0.06717872107304967,0.18772998344704347,-0.04668364475035486,0.04008447551522864,-0.03014732682139687
2024-08-06,0.009219701185414264,-0.036623312409570286,-0.05966347474885403,0.19213567884047808,-0.03781923288433441,0.04865786660425485,0.018116932601938696
2024-08-07,-0.006684299276353611,-0.0583687376454437,-0.06685635943958967,0.19204464472796798,-0.043930885485905694,0.04063857032229837,-0.003072232273510389
2024-08-08,0.023117385179072247,-0.022762194265638414,-0.05463925515931056,0.2082037472929726,-0.021920791172766844,0.0634812474333934,0.026120516980690955
2024-08-09,0.004409572320675403,0.00016875725848652934,-0.04221178127712866,0.20834012206897834,-0.01791856502040351,0.06692130010008346,0.0003583944811802464
2024-08-12,0.0005255429376276322,0.030712416712739277,-0.0477151278271859,0.20639953234925465,-0.017849097742605048,0.06626528910660741,-0.0022677701822912955
2024-08-13,0.016445503706120856,0.038092102592888644,-0.0347089376242099,0.21581321757690308,-0.002298579754532753,0.08240680738323722,0.01200939054846395
2024-08-14,0.003154843961062248,0.04837477192309314,-0.0373721707687622,0.21480607033109328,0.00019923562009444538,0.08435507757572101,0.0018195974072843235
2024-08-15,0.0171401975808958,0.04225002731826666,-0.006948804263331887,0.21940365308601864,0.01635651787654467,0.10133096556774494,0.023397211464908363
2024-08-16,0.0022421660719920133,0.04000096549712073,0.0029855872235893255,0.2178492346579876,0.017836328504977347,0.10223091658158048,0.00028107915619335344
2024-08-19,0.009561341222614317,0.04939326837909652,0.019344673405381707,0.21863739318502048,0.026562778504756582,0.11115982774917024,0.00822193914899838
2024-08-20,-0.001626127499857244,0.030735850871678183,0.007301772845885068,0.2161310793133039,0.02390146153766754,0.10780877733420327,-0.0056383775367545574
2024-08-21,0.003436759836842107,0.031025517817758974,0.01235162156978431,0.21624187810003306,0.026416528405827224,0.11013789138358823,0.0013875284847275626
2024-08-22,-0.007848595865380337,0.0056955940138785355,0.02769635008467608,0.20169869142057656,0.01757824555097338,0.1000523723883057,-0.003247006872473701
2024-08-23,0.010625197423502541,0.0141075107941675,0.04405557685277439,0.20263784119944672,0.027543878444624897,0.11030306552744565,0.006002335921994728
2024-08-26,-0.002383810915512319,0.0021085682770312086,0.030030729006554457,0.20043115521528299,0.024342272831573156,0.10625387443483122,-0.0011567205174038975
2024-08-27,0.001373127050270373,0.005119042374876148,0.030839306239678788,0.20040525911520476,0.024980257373036108,0.10636714842474192,0.0017824393007167538
2024-08-28,-0.005805265621835476,-0.004138477531152263,0.030073848170583117,0.20072744633994344,0.018548122258996304,0.09854910281322601,-0.0052931677329970395
2024-08-29,8.950103839011625e-05,0.0038293036312293527,0.013688839904132166,0.1934218222319778,0.018207437484017347,0.09732724843762461,0.0018317575977681022
2024-08-30,0.009546034367994505,0.002757397348586599,0.038065408059567485,0.18779523262082543,0.027236457505251086,0.10641039975718508,0.013036546121588777
2024-09-03,-0.02057895844636992,-0.015531518751662365,0.03599182967622627,0.19058910075615956,0.005819484481099861,0.0824944801918739,-0.02717126175386586
2024-09-04,-0.002046930695922655,-0.018893840911329507,0.06488446618823263,0.15509071642691127,0.0034604600493491153,0.07915819205941864,-0.007897820140179257
2024-09-05,-0.002432183743636296,-0.015565165661523994,0.05258990708659739,0.1544953600742979,0.0008455958482139348,0.07543785192948102,-0.00477937926186045
2024-09-06,-0.01683000667623169,-0.03221982782609856,0.04183877408670078,0.16567829555474328,-0.015814047206779678,0.056364450306729555,-0.01825526759027074
2024-09-09,0.011196185533371317,-0.03063794495540706,0.02969943582069523,0.15103762418480343,-0.004796369659927674,0.06718157541469519,0.009772543933937117
2024-09-10,0.004355637692474268,-0.005959435581628703,0.02964414318135722,0.15102436807864264,-0.0006279922239666057,0.07078212416069399,9.192854416761875e-05
2024-09-11,0.010259092800345426,0.006298341781094896,0.039660971516479515,0.15401989098811486,0.00929088487768521,0.08066993061349054,0.01096659905520525
2024-09-12,0.008423099200545403,0.017248628115800857,0.03145533645611098,0.1468114285805017,0.01741884964128683,0.08862151426419124,0.010041785183200314
2024-09-13,0.0052228545016383965,0.040065885488940634,0.03358168865464317,0.1472762169787742,0.022340129823704726,0.09311297953387992,0.003297655477409789
2024-09-16,0.0014768605097230658,0.030069073266252744,0.01766516267475038,0.1360382349833379,0.023544631452809314,0.09352986655222185,-0.0011526758841986506
2024-09-17,0.0004085605132226888,0.026020943321482193,0.015803340689591217,0.13595334622720218,0.023672779479791996,0.09277548215279698,0.0022241844430535007
2024-09-18,-0.0029658209827364557,0.012589697206734751,0.003198724508324702,0.1326460464010265,0.020429713386179382,0.088375845546791,0.0013794960524045052
2024-09-19,0.017064510900899554,0.02126681345291881,0.021979689355622334,0.14468509162250062,0.03747851790882307,0.10569855832155342,0.017876441700770296
2024-09-20,-0.001728717035514804,0.014204290669592279,0.016718757465661094,0.14472939742781313,0.035176669373285945,0.10252729719947071,-0.001424005792544758
2024-09-23,0.0024988883773886528,0.01523930714320576,0.027322462987178664,0.14131016248666728,0.03733289747175411,0.10400615919999204,0.003108578400512596
2024-09-24,0.002861370368871796,0.017728479144218712,0.019430364163298464,0.1373746141941711,0.039866068150519976,0.1058513217993868,0.001742882504236043
2024-09-25,-0.0022056278051612033,0.018504450783658477,0.019612443479031905,0.13732146422726893,0.03731168211805124,0.10215432572197712,0.001856581145202152
2024-09-26,0.003964710640578684,0.005386104084396104,0.022251230965548485,0.13771235089750422,0.04077800181129412,0.10526066179393741,0.004678266946441911
2024-09-27,-0.0014503104645270382,0.0056664948985298835,0.026729084364302214,0.13577984553141273,0.03849422968303478,0.10242661930573678,-0.005429909240676989
2024-09-30,0.0040072655540939195,0.007179638110825559,0.030751207154099403,0.13602076444066016,0.04165443720264449,0.10560886725388319,0.006751665597910073
2024-10-01,-0.00895843905001259,-0.004691066778996,0.011858053534510082,0.1372901917289684,0.031735957465971444,0.09460333578757883,-0.012597165527738152
2024-10-02,0.0004220218475032844,-0.002069962425682026,0.03355455599964707,0.11372828777360426,0.03154348158581515,0.09397917481849445,0.0032734406625355428
2024-10-03,-0.0018282077257869567,-0.007828060476084198,0.03378108180455608,0.1136424711553872,0.028603939004846427,0.09090004319204895,0.0032785467297438142
2024-10-04,0.009087399438999277,0.002642344935574137,0.04571884379969848,0.11547410191496482,0.03659114444114985,0.0996998666605506,0.0187373877726027
2024-10-07,-0.009040490210560193,-0.010387672759367028,0.054003925939668074,0.10166348192476175,0.026290588792619852,0.08874045855885011,-0.005412210778552584
2024-10-08,0.009457535807176232,0.008001743441662823,0.05219167262674951,0.09995956658098588,0.03487162285514431,0.0978869516661068,0.008625168587031329
2024-10-09,0.006926406739220514,0.014555408962498406,0.05488488375806533,0.10097048213909283,0.04065677022134921,0.10434003589691568,0.01066848522083852
2024-10-10,-0.0017500186263561535,0.014634881428424062,0.042345298416369914,0.09796810786376436,0.03782492275222486,0.1012810357207505,-0.0016456792382957275
2024-10-11,0.005988305371525726,0.011518750017572188,0.03982860090884155,0.09630409042025274,0.04260371126519073,0.10672950624597834,0.005675338292027821
2024-10-14,0.00817851862154284,0.02909499820766337,0.042886016558310036,0.09812425011040156,0.04912828175120187,0.11458625809207741,0.009951667130160713
2024-10-15,-0.007769884595343557,0.011532444519778196,0.03325693619808612,0.10383110665320595,0.038590456564261195,0.10479287786940085,-0.012890360283274394
2024-10-16,0.004346414969082613,0.008940650954109675,0.03732408994991765,0.10416712218957483,0.04080214294602355,0.10841798912014837,0.0027868567421125423
2024-10-17,8.586898669693532e-05,0.010796199842619147,0.04049909797569273,0.10294941079752469,0.03846826324236101,0.10731051444761575,0.005276301628003077
2024-10-18,0.003846642858776894,0.008644301736375759,0.02697667178975882,0.08745318279710478,0.04040118738557605,0.11030133830995045,0.002698873572044569
2024-10-21,-0.0016421835338826796,-0.0011809376286364692,0.02706569357073252,0.08741614211311037,0.036763749622450034,0.10720875754585844,0.0060710513653473575
2024-10-22,-0.0005312381064610516,0.006105777405118307,0.023961312114729738,0.08751697054976927,0.03431385991191723,0.10536476768844409,0.00041404522225807483
2024-10-23,-0.009137393474173527,-0.007401651280831145,0.01171009740899187,0.09416571859732044,0.023497911047517462,0.09414683006472967,-0.006824223917148875
2024-10-24,0.0021626252602648943,-0.00534044342682527,0.016139272254514614,0.0937575492529095,0.02436350371606683,0.09537480765522179,-5.052344976208545e-05
2024-10-25,-0.00034529045955400406,-0.009494012664972185,0.011777005996659096,0.09309897282730825,0.02300893301540873,0.0938905843563688,0.0018629710393852639
2024-10-28,0.0030914598515230374,-0.004797598175275697,0.01637893900054932,0.09318398365210243,0.02514948205187975,0.096144455089429,0.00540973883428153
2024-10-29,0.0016182517462077772,-0.0026572836945898404,0.01396048706038644,0.09250986392014837,0.025943928971617913,0.0967846018748776,0.001195990535304059
2024-10-30,-0.0030251928646983783,0.003494889894674058,0.020030946089514723,0.08683264399049856,0.022010525547462197,0.0923389579744079,-0.00154726688946083
2024-10-31,-0.01960308208060202,-0.01829975255253402,-0.00038666293872768875,0.11235214071973783,0.0016323634585296276,0.0699105831717852,-0.019074124608002063
2024-11-01,0.004220505791672879,-0.01381596103247551,0.0056707860404101584,0.1130598612852323,0.005274675915956106,0.07342639296270755,0.010142055196405986
2024-11-04,-0.0021538996042558267,-0.018972908310944114,-0.00553245170810468,0.10866376577476694,0.002777571408283584,0.07019008995203127,-0.007491807522568283
2024-11-05,0.012091723159443069,-0.008714749394109433,0.01567457058941968,0.11171855264664582,0.014273684278800111,0.08213702242850265,0.011560715588294634
2024-11-06,0.02486554887013992,0.019016824876704863,0.031177478335655984,0.1367670902720263,0.03835470415539746,0.10789419209117848,0.03516069437688407
2024-11-07,0.007732283254903383,0.04742898803420026,0.03200276378624123,0.13719790413681718,0.04495099995590778,0.1152612514093272,-0.00031055606128194135
2024-11-08,0.0043315951055544755,0.047544857175439104,0.03829000876166866,0.13697952777234532,0.04794956873083672,0.1188903788293306,0.0022039786318091004
2024-11-11,0.0009530275793814269,0.05080652807994723,0.03309305110817795,0.13615991422302823,0.047597409682755394,0.118744035654392,0.0037130482183835856
2024-11-12,-0.0031064718923277113,0.03502696758163726,0.021529181152248222,0.13488173270643816,0.04264624802990977,0.11412149008340981,0.00317407777968981
2024-11-13,0.000485795868576,0.010405492259906834,0.030028639466636253,0.13105809984022007,0.041409160263998115,0.11351041104249147,0.001128602303188453
2024-11-14,-0.006430142235875125,-0.0037945018629218508,0.01897651403409939,0.13334598056313732,0.033076217166201,0.10516568988916383,-0.00632293891912461
2024-11-15,-0.012808597820888501,-0.02079601263452935,0.0058384833455600305,0.14159924957440437,0.018176084253350516,0.08998360333744936,-0.013237457063023816
2024-11-18,0.004097434660641497,-0.01771992827588942,0.006089772770511148,0.1416807035752768,0.0208074153601015,0.09344846936977082,0.0018471460120603744
2024-11-19,0.0036553237644714187,-0.011057253741977635,0.011428307538453364,0.14194120558761417,0.023005139955610918,0.09640223562572649,0.0015169302336806023
2024-11-20,0.0003388210162236227,-0.011202532880088656,0.012308777703672336,0.14188742673450802,0.022013621314833014,0.09574457562554153,0.0018326219132211996
2024-11-21,0.005368305278844021,0.0005392434301896287,0.027128436935632605,0.1381666502403815,0.026211004126110778,0.10060343702097334,0.005902432759207099
2024-11-22,0.0030993960889811323,0.016662329749558946,0.028088544539741633,0.13827742971052884,0.02813980937899431,0.10297337830607604,0.0024580663656150747
2024-11-25,0.0033921738098128262,0.01594824353149482,0.031932315958303814,0.13830413284267604,0.030332036322608093,0.10568054941419176,-0.0073984760601912836
2024-11-26,0.005221465631339628,0.017533567737017863,0.03412356360156066,0.13880228397173852,0.03430999796782643,0.11038179674563853,0.007335195190657284
2024-11-27,-0.0030301626777003987,0.0141066748426244,0.0293242951369852,0.13974040463877443,0.02978751221527109,0.10589922280695857,-0.007054967604787632
2024-11-29,0.00621221866016386,0.014957923274161233,0.03886143894309613,0.13970665632105297,0.034998826289595865,0.1116541647814672,0.001992196458138862
2024-12-02,0.0017923129824746198,0.013635387979554325,0.06153271676509675,0.11594066875423363,0.0355951612416377,0.11255555584914097,0.0018767840486129117
2024-12-03,0.000463853790493296,0.01067717395677481,0.05756166759635928,0.11612064039236682,0.03485971937161997,0.1119539882910819,0.003309298187865295
2024-12-04,0.006209516895420153,0.011670587740152616,0.06642558829183765,0.11533277886888751,0.039989738016631686,0.11766981915539793,0.0024046524247498535
2024-12-05,-0.0016457068463852087,0.013075457970057158,0.051950668143443623,0.11158295927138723,0.03697838997664527,0.11466087835880596,-0.0015403141409880972
2024-12-06,0.0018957847437637287,0.008729582233746314,0.02837385970600792,0.07615877200340354,0.03768456629961459,0.11569728758464183,-0.0012629701978272845
2024-12-09,-0.005149668320054368,0.001739528698271764,0.015228044610259506,0.07561588736948718,0.03117152970781897,0.10891802833531422,-0.0016862299985260787
2024-12-10,-0.003109155722253454,-0.0018380366997909903,0.007706565698154089,0.07554443074347987,0.026948318402790095,0.10444195138161225,-0.001318237392901267
2024-12-11,0.007730680288764447,-0.00032903940478845595,0.014529947961939182,0.07972877117218216,0.033519587642328916,0.11190779119252778,0.010685269833952793
2024-12-12,-0.005152533493864686,-0.0038404909880264126,0.012447688711972438,0.08125968632384244,0.026954848693578327,0.10513889925806369,-0.001342687304174972
2024-12-13,-0.00019869600874267146,-0.005922979955264918,0.011755012991842229,0.08130657653226678,0.02548250985064847,0.10390111445522168,0.004475543906141133
2024-12-16,0.004270044418101415,0.0034894107031480104,0.022651043504956947,0.07808558860084945,0.028680783598924516,0.10761584560360384,0.003950023713383377
2024-12-17,-0.004120063778329963,0.0024718112986692464,0.03165166728018187,0.06294924086280573,0.023176660664990117,0.10207897790507559,-0.004120063778329963
2024-12-18,-0.029803405042948095,-0.03486640142413755,-0.003179472204032363,0.12461285821960759,-0.007758001663818439,0.06841646533215753,-0.022074385991339596
2024-12-19,-0.00030711430390684136,-0.030165704064133103,-0.007114926451278092,0.12385317340728003,-0.008363483540406814,0.06729952076868576,0.004224211937773559
2024-12-20,0.01201094914470513,-0.018322018159994347,0.004470230049540502,0.13101710298025468,0.0029697212008438483,0.07930178302379882,0.008326117173456549
2024-12-23,0.005988205350786702,-0.016642508981910553,0.0050895763772518254,0.13133972111249098,0.008392159987627436,0.0848789720983668,0.010415454225045861
2024-12-24,0.011115114674397741,-0.001598901501146388,0.013121198396752298,0.13635141168414924,0.018946071552375432,0.09597288367563281,0.010572752759827386
2024-12-26,6.654786640147847e-05,0.029139398294807606,0.009763326739835376,0.13599690042772578,0.018202767847773995,0.09513655725341535,-0.0006922610388868655
2024-12-27,-0.010526494146641974,0.018619000907988736,-0.006055786558538778,0.13998812973199803,0.006984629380884989,0.0827648895471834,-0.007926799351792635
2024-12-30,-0.011411663108467862,-0.004956552214382404,-0.01441185064518502,0.14500517202845498,-0.0047702808484084164,0.06963218635649358,-0.017276373553552715
